dataset,model,fold,n_train,n_test,feature_dim,weighted_f1,accuracy,macro_f1_present,balanced_accuracy,top3_accuracy
disignatlas,bulkformer-latest,1,9619,1069,768,0.933696481082848,0.9345182413470533,0.9443216374663103,0.9319748701285642,0.9943872778297475
disignatlas,bulkformer-latest,2,9619,1069,768,0.9329877854158629,0.9335827876520112,0.9446906536701817,0.9336723366909653,0.9925163704396632
disignatlas,bulkformer-latest,3,9619,1069,768,0.9309351728913395,0.9317118802619271,0.9516312449702852,0.9389854542307949,0.9953227315247896
disignatlas,bulkformer-latest,4,9619,1069,768,0.9271820110237624,0.9279700654817586,0.9386194374182061,0.9305368676400713,0.9981290926099158
disignatlas,bulkformer-latest,5,9619,1069,768,0.915617717464968,0.9167446211412535,0.9237539429814968,0.915192631583195,0.9915809167446211
disignatlas,bulkformer-latest,6,9619,1069,768,0.9341123143228489,0.9345182413470533,0.9491800577508794,0.9433672941289675,0.9953227315247896
disignatlas,bulkformer-latest,7,9619,1069,768,0.9215347129926236,0.9223573433115061,0.9321408854952566,0.9209185341013748,0.9934518241347053
disignatlas,bulkformer-latest,8,9619,1069,768,0.9313361108750229,0.9317118802619271,0.9385511428583952,0.921301749762851,0.9915809167446211
disignatlas,bulkformer-latest,9,9620,1068,768,0.927083625669932,0.9288389513108615,0.9457662003515175,0.933839667366592,0.9953183520599251
disignatlas,bulkformer-latest,10,9620,1068,768,0.9369931993073314,0.9372659176029963,0.9522256442786814,0.9488427307543731,0.9962546816479401
disignatlas,bulkformer-147M,1,9619,1069,643,0.9220800647583344,0.9232927970065482,0.9305552512953256,0.9154674912332528,0.9878391019644528
disignatlas,bulkformer-147M,2,9619,1069,643,0.915264312480698,0.9167446211412535,0.9163145581445412,0.9031733897022662,0.9915809167446212
disignatlas,bulkformer-147M,3,9619,1069,643,0.9209232730715412,0.922357343311506,0.931398884499014,0.9124363196198864,0.990645463049579
disignatlas,bulkformer-147M,4,9619,1069,643,0.904596096883998,0.9055191768007484,0.9078062790264524,0.893778669186138,0.9887745556594948
disignatlas,bulkformer-147M,5,9619,1069,643,0.9094204591588484,0.9101964452759588,0.9070765367875362,0.8986354041516749,0.9859681945743686
disignatlas,bulkformer-147M,6,9619,1069,643,0.9331491966129516,0.9335827876520112,0.952532719555954,0.947830981605076,0.9934518241347052
disignatlas,bulkformer-147M,7,9619,1069,643,0.9005587548895032,0.90177736202058,0.9108381610656758,0.8959929141759743,0.9915809167446212
disignatlas,bulkformer-147M,8,9619,1069,643,0.9075985405004828,0.9083255378858748,0.9120223749284866,0.8959502471294813,0.9850327408793264
disignatlas,bulkformer-147M,9,9620,1068,643,0.9098093807724716,0.9110486891385768,0.9241504299317884,0.9114374637128468,0.9906367041198502
disignatlas,bulkformer-147M,10,9620,1068,643,0.9231964257866472,0.9241573033707864,0.945466462814163,0.9376527827947811,0.9868913857677902
tcga,bulkformer-latest,1,8802,978,768,0.9167165795642326,0.9233128834355828,0.8626162936859624,0.8607087910691901,0.9846625766871165
tcga,bulkformer-latest,2,8802,978,768,0.9334607579742473,0.9376278118609407,0.8916690797088554,0.895164586224276,0.9887525562372188
tcga,bulkformer-latest,3,8802,978,768,0.9278094560502778,0.9335378323108384,0.8781871198720375,0.8784311325775892,0.9877300613496932
tcga,bulkformer-latest,4,8802,978,768,0.906302531013388,0.9130879345603272,0.8405665653892235,0.8431114658887394,0.9754601226993865
tcga,bulkformer-latest,5,8802,978,768,0.9123289049231105,0.9192229038854806,0.8607159241665993,0.8653634944249249,0.99079754601227
tcga,bulkformer-latest,6,8802,978,768,0.9172727335465075,0.9233128834355828,0.8897508966915328,0.8890026270239841,0.99079754601227
tcga,bulkformer-latest,7,8802,978,768,0.9127625349680678,0.9171779141104295,0.8673642758109762,0.8649256008687435,0.99079754601227
tcga,bulkformer-latest,8,8802,978,768,0.9077465313487265,0.9130879345603272,0.8598048384455351,0.8702299551496643,0.983640081799591
tcga,bulkformer-latest,9,8802,978,768,0.9208221133927512,0.9253578732106339,0.8865684135163827,0.8898935159360817,0.9928425357873211
tcga,bulkformer-latest,10,8802,978,768,0.913644600313146,0.9192229038854806,0.8766024005334438,0.8684560940292448,0.9887525562372188
tcga,bulkformer-147M,1,8802,978,643,0.869712947873252,0.8813905930470347,0.7882265204663322,0.7842418862209195,0.9713701431492844
tcga,bulkformer-147M,2,8802,978,643,0.8932934464129283,0.8997955010224948,0.8490769355414421,0.840182875970444,0.98159509202454
tcga,bulkformer-147M,3,8802,978,643,0.8815688403290433,0.8916155419222904,0.8050311817337429,0.7962145247358933,0.9754601226993864
tcga,bulkformer-147M,4,8802,978,643,0.8656657719145575,0.8742331288343558,0.8130584434540271,0.7998280194439766,0.9662576687116564
tcga,bulkformer-147M,5,8802,978,643,0.8905321428024997,0.8997955010224948,0.8277915509782448,0.8172481691375992,0.9826175869120656
tcga,bulkformer-147M,6,8802,978,643,0.89214046059254,0.9008179959100204,0.8350170812864861,0.8229283091862619,0.9785276073619632
tcga,bulkformer-147M,7,8802,978,643,0.8824836213259751,0.8905930470347648,0.8188393782935157,0.8067997578083387,0.9713701431492844
tcga,bulkformer-147M,8,8802,978,643,0.86837330781293,0.8752556237218814,0.81064570068228,0.8000258861538061,0.9713701431492844
tcga,bulkformer-147M,9,8802,978,643,0.8896737686159549,0.8967280163599182,0.8396800273092254,0.8240322996398525,0.983640081799591
tcga,bulkformer-147M,10,8802,978,643,0.8706391281672702,0.8824130879345603,0.7987194424766392,0.790301300224732,0.98159509202454
gtex,bulkformer-latest,1,17625,1991,768,0.9116835202950979,0.9156202913108991,0.8400265301392963,0.8406563621386154,0.9894525364138623
gtex,bulkformer-latest,2,17629,1987,768,0.9239010085999831,0.926019124308002,0.8610281717559436,0.8585487959289728,0.9949672873678913
gtex,bulkformer-latest,3,17756,1860,768,0.9110695853833045,0.9129032258064517,0.8426753509652598,0.8414291515231539,0.986021505376344
gtex,bulkformer-latest,4,17762,1854,768,0.9056250643498028,0.9099244875943905,0.8320043604501484,0.8288646691796997,0.9897518878101402
gtex,bulkformer-latest,5,17617,1999,768,0.9149990890953638,0.9174587293646823,0.8685930197473161,0.8663528969226245,0.9884942471235618
gtex,bulkformer-latest,6,17593,2023,768,0.9025150507497893,0.9055857637172516,0.8407566941847308,0.8377232502363348,0.9930795847750865
gtex,bulkformer-latest,7,17627,1989,768,0.9035435121108103,0.9089994972347913,0.8394505461536333,0.8402077601304462,0.9899446958270488
gtex,bulkformer-latest,8,17522,2094,768,0.9012718355611495,0.9044890162368673,0.8274344824337889,0.8269927466936905,0.9866284622731614
gtex,bulkformer-latest,9,17758,1858,768,0.9251633165528841,0.9278794402583423,0.8654149336675518,0.8641943983910656,0.9881593110871906
gtex,bulkformer-latest,10,17655,1961,768,0.9130313386120341,0.915859255481897,0.8421837444333579,0.8385452958766829,0.9898011218765935
gtex,bulkformer-147M,1,17625,1991,643,0.8665710897707245,0.8754394776494224,0.7906418735923539,0.7901507734296275,0.9753892516323456
gtex,bulkformer-147M,2,17629,1987,643,0.8736922921187456,0.879718168092602,0.7945384153431424,0.7940534720734237,0.9758429793658782
gtex,bulkformer-147M,3,17756,1860,643,0.8566231895161847,0.8634408602150537,0.7676346633202408,0.7697746296513729,0.975268817204301
gtex,bulkformer-147M,4,17762,1854,643,0.8601568225828072,0.866235167206041,0.784505340487554,0.7788471450909163,0.9757281553398058
gtex,bulkformer-147M,5,17617,1999,643,0.850227695529825,0.8589294647323662,0.7896540392843092,0.7886124645224171,0.9724862431215608
gtex,bulkformer-147M,6,17593,2023,643,0.8499499715457425,0.8576371725160653,0.7845879754663587,0.7816417712060589,0.9767671774592188
gtex,bulkformer-147M,7,17627,1989,643,0.8607985738737064,0.8697838109602816,0.7856601100470644,0.7852783803359632,0.976872800402212
gtex,bulkformer-147M,8,17522,2094,643,0.8560111868413995,0.8629417382999045,0.7718697912125408,0.7733443841962128,0.9694364851957976
gtex,bulkformer-147M,9,17758,1858,643,0.8750746362997548,0.8815931108719053,0.814404922703982,0.8105395217621364,0.9784714747039828
gtex,bulkformer-147M,10,17655,1961,643,0.8551269126147206,0.8618052014278429,0.7655318276778933,0.7666026839549189,0.9724630290668026
